{"global_step": 19464192, "_timestamp": 1728076645.5301442, "performance/step_inference_rl_update_fps": 301381.375, "performance/step_inference_fps": 735555.6875, "performance/step_fps": 938777.8125, "performance/rl_update_time": 0.12835431098937988, "performance/step_inference_time": 0.08909726142883301, "performance/step_time": 0.0698099136352539, "losses/a_loss": -0.002519518369808793, "losses/c_loss": 0.08866310119628906, "losses/entropy": -0.5128538608551025, "info/last_lr": 0.00039018443203531206, "info/lr_mul": 1.0, "info/e_clip": 0.20000000298023224, "info/kl": 0.009590592235326767, "info/epochs": 298.0, "_runtime": 69, "_step": 298, "gpt_reward": 0.8291616439819336, "stability_reward": 0.9834968447685242, "speed_penalty": 0.6302116513252258, "position_reward": 0.5, "gt_reward": 0.5389282703399658, "consecutive_successes": 431.8571472167969, "losses/bounds_loss": 0.053751394152641296, "rewards/step": 368.6128845214844, "rewards/iter": 368.6128845214844, "rewards/time": 368.6128845214844, "shaped_rewards/step": 36.861289978027344, "shaped_rewards/iter": 36.861289978027344, "shaped_rewards/time": 36.861289978027344, "episode_lengths": 453.2125244140625, "episode_lengths/step": 453.2125244140625, "episode_lengths/iter": 453.2125244140625, "episode_lengths/time": 453.2125244140625, "_wandb": {"runtime": 72}}