{"global_step": 196476928, "_timestamp": 1728050877.1770723, "performance/step_inference_rl_update_fps": 184088.0625, "performance/step_inference_fps": 200472.375, "performance/step_fps": 228231.875, "performance/rl_update_time": 0.02909564971923828, "performance/step_inference_time": 0.3269078731536865, "performance/step_time": 0.28714656829833984, "losses/a_loss": 0.0010084188543260098, "losses/c_loss": 0.01906701549887657, "losses/entropy": -10.368748664855957, "info/last_lr": 0.00011561020073713735, "info/lr_mul": 1.0, "info/e_clip": 0.20000000298023224, "info/kl": 0.005203355569392443, "info/epochs": 2999.0, "_runtime": 1029, "_step": 2999, "gpt_reward": 12.91553783416748, "forward_reward": 13.91553783416748, "task_score": -1.0, "gt_reward": 0.3142678141593933, "consecutive_successes": 0.38391876220703125, "losses/bounds_loss": 4.902441024780273, "rewards/step": 142.14938354492188, "rewards/iter": 142.14938354492188, "rewards/time": 142.14938354492188, "shaped_rewards/step": 1.4214940071105957, "shaped_rewards/iter": 1.4214940071105957, "shaped_rewards/time": 1.4214940071105957, "episode_lengths": 11.637974739074707, "episode_lengths/step": 11.637974739074707, "episode_lengths/iter": 11.637974739074707, "episode_lengths/time": 11.637974739074707, "_wandb": {"runtime": 1030}}