{"global_step": 2449408, "_timestamp": 1728058705.8411465, "performance/step_inference_rl_update_fps": 36153.0390625, "performance/step_inference_fps": 39154.390625, "performance/step_fps": 44772.12109375, "performance/rl_update_time": 0.01736903190612793, "performance/step_inference_time": 0.20922303199768066, "performance/step_time": 0.18297100067138672, "losses/a_loss": 0.019786618649959564, "losses/c_loss": 0.07321876287460327, "losses/entropy": -1.9068784713745117, "info/last_lr": 0.00296296295709908, "info/lr_mul": 1.0, "info/e_clip": 0.20000000298023224, "info/kl": 0.014495065435767174, "info/epochs": 300.0, "_runtime": 47, "_step": 300, "gpt_reward": 0.9281322360038757, "upright_reward": 0.9913142919540405, "velocity_penalty": 0.9350885152816772, "gt_reward": 0.9399384260177612, "consecutive_successes": 137.0, "losses/bounds_loss": 0.0, "rewards/step": 120.00636291503906, "rewards/iter": 120.00636291503906, "rewards/time": 120.00636291503906, "shaped_rewards/step": 12.00063705444336, "shaped_rewards/iter": 12.00063705444336, "shaped_rewards/time": 12.00063705444336, "episode_lengths": 132.13706970214844, "episode_lengths/step": 136.84532165527344, "episode_lengths/iter": 136.84532165527344, "episode_lengths/time": 136.84532165527344, "_wandb": {"runtime": 49}}