{"global_step": 196476928, "_timestamp": 1728048689.7893708, "performance/step_inference_rl_update_fps": 183782.703125, "performance/step_inference_fps": 202512.9375, "performance/step_fps": 227346.75, "performance/rl_update_time": 0.032981157302856445, "performance/step_inference_time": 0.32361388206481934, "performance/step_time": 0.28826451301574707, "losses/a_loss": 0.0010084188543260098, "losses/c_loss": 0.01906701549887657, "losses/entropy": -10.368748664855957, "info/last_lr": 0.00011561020073713735, "info/lr_mul": 1.0, "info/e_clip": 0.20000000298023224, "info/kl": 0.005203355569392443, "info/epochs": 2999.0, "_runtime": 1018, "_step": 2999, "gpt_reward": 12.91553783416748, "forward_reward": 13.91553783416748, "proximity_reward": -1.0, "progress_reward": 0.0, "gt_reward": 0.3541037440299988, "consecutive_successes": 0.4224262237548828, "losses/bounds_loss": 4.8866071701049805, "rewards/step": 133.41517639160156, "rewards/iter": 133.41517639160156, "rewards/time": 133.41517639160156, "shaped_rewards/step": 1.4214940071105957, "shaped_rewards/iter": 1.4214940071105957, "shaped_rewards/time": 1.4214940071105957, "episode_lengths": 11.637974739074707, "episode_lengths/step": 11.637974739074707, "episode_lengths/iter": 11.637974739074707, "episode_lengths/time": 11.637974739074707, "_wandb": {"runtime": 1020}}