{"global_step": 196476928, "_timestamp": 1728049778.7618077, "performance/step_inference_rl_update_fps": 192485.59375, "performance/step_inference_fps": 208026.984375, "performance/step_fps": 241602.6875, "performance/rl_update_time": 0.025435924530029297, "performance/step_inference_time": 0.3150360584259033, "performance/step_time": 0.2712552547454834, "losses/a_loss": -0.0007412591949105263, "losses/c_loss": 0.006682795472443104, "losses/entropy": -8.426278114318848, "info/last_lr": 0.00017341530474368483, "info/lr_mul": 1.0, "info/e_clip": 0.20000000298023224, "info/kl": 0.005583583377301693, "info/epochs": 2998.0, "_runtime": 1018, "_step": 2999, "gpt_reward": 0.45727258920669556, "forward_reward": 1.4572725296020508, "task_score": -1.0, "gt_reward": 0.03006044775247574, "consecutive_successes": 0.5607118606567383, "losses/bounds_loss": 4.53864860534668, "rewards/step": 1.9177024364471436, "rewards/iter": 1.9177024364471436, "rewards/time": 1.9177024364471436, "shaped_rewards/step": 0.019177023321390152, "shaped_rewards/iter": 0.019177023321390152, "shaped_rewards/time": 0.019177023321390152, "episode_lengths": 11.0, "episode_lengths/step": 11.0, "episode_lengths/iter": 11.0, "episode_lengths/time": 11.0, "_wandb": {"runtime": 1020}}