{"global_step": 196542464, "_timestamp": 1728050901.7216053, "performance/step_inference_rl_update_fps": 342543.21875, "performance/step_inference_fps": 393169.6875, "performance/step_fps": 486627.5625, "performance/rl_update_time": 0.02463531494140625, "performance/step_inference_time": 0.1666862964630127, "performance/step_time": 0.1346738338470459, "losses/a_loss": 0.001995975151658058, "losses/c_loss": 0.01725606992840767, "losses/entropy": -4.36212158203125, "info/last_lr": 0.00039018443203531206, "info/lr_mul": 1.0, "info/e_clip": 0.20000000298023224, "info/kl": 0.01605295017361641, "info/epochs": 3000.0, "_runtime": 1038, "_step": 3000, "gpt_reward": 124.57198333740234, "forward_reward": 124.48345947265625, "not_moving_penalty": 0.0885237380862236, "gt_reward": 0.8833208084106445, "consecutive_successes": 0.3887805938720703, "losses/bounds_loss": 1.017643928527832, "rewards/step": 28.78548240661621, "rewards/iter": 28.78548240661621, "rewards/time": 28.78548240661621, "shaped_rewards/step": 0.2878548502922058, "shaped_rewards/iter": 0.2878548502922058, "shaped_rewards/time": 0.2878548502922058, "episode_lengths": 11.0, "episode_lengths/step": 11.0, "episode_lengths/iter": 11.0, "episode_lengths/time": 11.0, "_wandb": {"runtime": 1040}}