{"global_step": 196542464, "_timestamp": 1728050894.5250223, "performance/step_inference_rl_update_fps": 255746.296875, "performance/step_inference_fps": 286379.1875, "performance/step_fps": 324707.90625, "performance/rl_update_time": 0.027410268783569336, "performance/step_inference_time": 0.22884345054626465, "performance/step_time": 0.20183062553405762, "losses/a_loss": -0.0005893763154745102, "losses/c_loss": 0.011598986573517323, "losses/entropy": -6.923230171203613, "info/last_lr": 0.00011561020073713735, "info/lr_mul": 1.0, "info/e_clip": 0.20000000298023224, "info/kl": 0.0078052254393696785, "info/epochs": 3000.0, "_runtime": 1039, "_step": 3000, "gpt_reward": 12.505871772766113, "forward_reward": 12.505871772766113, "task_score": 0.0, "gt_reward": 0.3140621781349182, "consecutive_successes": 0.435882568359375, "losses/bounds_loss": 5.729248523712158, "rewards/step": 126.18708801269531, "rewards/iter": 132.72621154785156, "rewards/time": 132.72621154785156, "shaped_rewards/step": 1.327262043952942, "shaped_rewards/iter": 1.327262043952942, "shaped_rewards/time": 1.327262043952942, "episode_lengths": 11.821022987365723, "episode_lengths/step": 11.821022987365723, "episode_lengths/iter": 11.821022987365723, "episode_lengths/time": 11.821022987365723, "_wandb": {"runtime": 1040}}