{"global_step": 196411392, "_timestamp": 1728046789.4141178, "performance/step_inference_rl_update_fps": 368304.15625, "performance/step_inference_fps": 414450.25, "performance/step_fps": 475834.03125, "performance/rl_update_time": 0.01981210708618164, "performance/step_inference_time": 0.1581275463104248, "performance/step_time": 0.13772869110107422, "losses/a_loss": 0.0002924669533967972, "losses/c_loss": 0.01159390527755022, "losses/entropy": -1.223842978477478, "info/last_lr": 0.001316872425377369, "info/lr_mul": 1.0, "info/e_clip": 0.20000000298023224, "info/kl": 0.006917043123394251, "info/epochs": 2998.0, "_runtime": 774, "_step": 2998, "gpt_reward": 868.9039306640625, "forward_reward": 868.9039306640625, "proximity_reward": 0.0, "gt_reward": 0.6022131443023682, "consecutive_successes": 0.12839126586914062, "losses/bounds_loss": 4.422337532043457, "rewards/step": 13394.970703125, "rewards/iter": 13394.970703125, "rewards/time": 13394.970703125, "shaped_rewards/step": 133.94969177246094, "shaped_rewards/iter": 76.31841278076172, "shaped_rewards/time": 76.31841278076172, "episode_lengths": 12.0378999710083, "episode_lengths/step": 12.0378999710083, "episode_lengths/iter": 12.0378999710083, "episode_lengths/time": 12.0378999710083, "_wandb": {"runtime": 776}}