{"global_step": 196476928, "_timestamp": 1728044310.9720652, "performance/step_inference_rl_update_fps": 479943.28125, "performance/step_inference_fps": 570041.3125, "performance/step_fps": 748466.0625, "performance/rl_update_time": 0.02158212661743164, "performance/step_inference_time": 0.11496710777282715, "performance/step_time": 0.08756041526794434, "losses/a_loss": -0.0013070270651951432, "losses/c_loss": 0.013317370787262917, "losses/entropy": -8.015295028686523, "info/last_lr": 5.1382310630287975e-05, "info/lr_mul": 1.0, "info/e_clip": 0.20000000298023224, "info/kl": 0.011024737730622292, "info/epochs": 2999.0, "_runtime": 387, "_step": 2999, "gpt_reward": 1.0512992143630981, "forward_reward": 1.0512992143630981, "distance_reward": 3.783505853677006e-44, "gt_reward": 0.3545491397380829, "consecutive_successes": 0.2876548767089844, "losses/bounds_loss": 1.9805208444595337, "rewards/step": 13.587692260742188, "rewards/iter": 13.587692260742188, "rewards/time": 13.587692260742188, "shaped_rewards/step": 0.13587692379951477, "shaped_rewards/iter": 0.13587692379951477, "shaped_rewards/time": 0.13887277245521545, "episode_lengths": 13.181249618530273, "episode_lengths/step": 13.181249618530273, "episode_lengths/iter": 13.181249618530273, "episode_lengths/time": 13.181249618530273, "_wandb": {"runtime": 389}}