{"global_step": 16318464, "_timestamp": 1728077042.0507646, "performance/step_inference_rl_update_fps": 184618.234375, "performance/step_inference_fps": 528023.4375, "performance/step_fps": 717058.4375, "performance/rl_update_time": 0.2308647632598877, "performance/step_inference_time": 0.1241157054901123, "performance/step_time": 0.09139561653137207, "losses/a_loss": -0.0024928823113441467, "losses/c_loss": 0.13077855110168457, "losses/entropy": 2.2991366386413574, "info/last_lr": 0.001316872425377369, "info/lr_mul": 1.0, "info/e_clip": 0.20000000298023224, "info/kl": 0.009855614975094795, "info/epochs": 250.0, "_runtime": 59, "_step": 250, "gpt_reward": 2.4797935485839844, "stability_reward": 0.9785635471343994, "speed_penalty": 0.5043363571166992, "position_reward": 0.9968935251235962, "gt_reward": 0.4909648001194, "consecutive_successes": 469.70001220703125, "losses/bounds_loss": 0.20067188143730164, "rewards/step": 1162.9569091796875, "rewards/iter": 1154.2728271484375, "rewards/time": 1154.2728271484375, "shaped_rewards/step": 115.42726135253906, "shaped_rewards/iter": 115.42726135253906, "shaped_rewards/time": 115.42726135253906, "episode_lengths": 461.5540466308594, "episode_lengths/step": 461.5540466308594, "episode_lengths/iter": 461.5540466308594, "episode_lengths/time": 461.5540466308594, "_wandb": {"runtime": 60}}