{"global_step": 196476928, "_timestamp": 1728045146.7144325, "performance/step_inference_rl_update_fps": 498922.59375, "performance/step_inference_fps": 575986.25, "performance/step_fps": 741636.4375, "performance/rl_update_time": 0.017574310302734375, "performance/step_inference_time": 0.11378049850463867, "performance/step_time": 0.08836674690246582, "losses/a_loss": 6.788852624595165e-05, "losses/c_loss": 0.01944107748568058, "losses/entropy": -7.778348922729492, "info/last_lr": 7.707346958341077e-05, "info/lr_mul": 1.0, "info/e_clip": 0.20000000298023224, "info/kl": 0.015002825297415257, "info/epochs": 2999.0, "_runtime": 781, "_step": 2999, "gpt_reward": 12.602252006530762, "forward_reward": 12.602206230163574, "distance_reward": -99.99867248535156, "gt_reward": 0.3398205041885376, "consecutive_successes": 0.3132905960083008, "losses/bounds_loss": 5.037167549133301, "rewards/step": 164.37014770507812, "rewards/iter": 164.37014770507812, "rewards/time": 164.37014770507812, "shaped_rewards/step": 1.643701434135437, "shaped_rewards/iter": 1.643701434135437, "shaped_rewards/time": 1.643701434135437, "episode_lengths": 11.714285850524902, "episode_lengths/step": 11.714285850524902, "episode_lengths/iter": 11.714285850524902, "episode_lengths/time": 11.714285850524902, "_wandb": {"runtime": 783}}