{"global_step": 32636928, "_timestamp": 1728051081.150589, "performance/step_inference_rl_update_fps": 190256.28125, "performance/step_inference_fps": 206020.1875, "performance/step_fps": 233319.3125, "performance/rl_update_time": 0.026356935501098633, "performance/step_inference_time": 0.31810474395751953, "performance/step_time": 0.2808854579925537, "losses/a_loss": -0.001576368696987629, "losses/c_loss": 0.039816565811634064, "losses/entropy": 0.7914738655090332, "info/last_lr": 0.0002601229352876544, "info/lr_mul": 1.0, "info/e_clip": 0.20000000298023224, "info/kl": 0.010166000574827194, "info/epochs": 499.0, "_runtime": 145, "_step": 499, "gpt_reward": 11.934837341308594, "forward_reward": 11.934837341308594, "proximity_reward": 0.0, "gt_reward": 0.3514708876609802, "consecutive_successes": 0.29488086700439453, "losses/bounds_loss": 6.9602742195129395, "rewards/step": 146.1334686279297, "rewards/iter": 146.1334686279297, "rewards/time": 146.1334686279297, "shaped_rewards/step": 1.461334466934204, "shaped_rewards/iter": 1.461334466934204, "shaped_rewards/time": 1.4321236610412598, "episode_lengths": 11.723577499389648, "episode_lengths/step": 11.723577499389648, "episode_lengths/iter": 11.723577499389648, "episode_lengths/time": 11.723577499389648, "_wandb": {"runtime": 144}}