{"global_step": 2441216, "_timestamp": 1728059107.8436477, "performance/step_inference_rl_update_fps": 35865.6640625, "performance/step_inference_fps": 38959.88671875, "performance/step_fps": 44488.9921875, "performance/rl_update_time": 0.018140077590942383, "performance/step_inference_time": 0.2102675437927246, "performance/step_time": 0.18413543701171875, "losses/a_loss": 0.014741864986717701, "losses/c_loss": 0.044775452464818954, "losses/entropy": -1.6943929195404053, "info/last_lr": 0.004444444552063942, "info/lr_mul": 1.0, "info/e_clip": 0.20000000298023224, "info/kl": 0.015174179337918758, "info/epochs": 298.0, "_runtime": 48, "_step": 299, "gpt_reward": 0.9550133943557739, "upright_reward": 0.9949632883071899, "velocity_penalty": 0.9798383712768555, "angular_velocity_penalty": 0.9787590503692627, "gt_reward": 0.9227994084358215, "consecutive_successes": 306.0, "losses/bounds_loss": 0.0, "rewards/step": 391.83721923828125, "rewards/iter": 391.83721923828125, "rewards/time": 391.83721923828125, "shaped_rewards/step": 39.183719635009766, "shaped_rewards/iter": 39.183719635009766, "shaped_rewards/time": 39.183719635009766, "episode_lengths": 409.60272216796875, "episode_lengths/step": 409.60272216796875, "episode_lengths/iter": 409.60272216796875, "episode_lengths/time": 409.60272216796875, "_wandb": {"runtime": 50}}