{"global_step": 196411392, "_timestamp": 1728048700.4944816, "performance/step_inference_rl_update_fps": 258647.765625, "performance/step_inference_fps": 281907.25, "performance/step_fps": 329798.21875, "performance/rl_update_time": 0.020905494689941406, "performance/step_inference_time": 0.23247361183166504, "performance/step_time": 0.1987154483795166, "losses/a_loss": null, "losses/c_loss": null, "losses/entropy": 11.351506233215332, "info/last_lr": 0.009999999776482582, "info/lr_mul": 1.0, "info/e_clip": 0.20000000298023224, "info/kl": 4.005433220299892e-05, "info/epochs": 2998.0, "_runtime": 1022, "_step": 2998, "gpt_reward": Infinity, "forward_reward": 0.4724857807159424, "proximity_reward": 10.0, "task_score": 0.0, "gt_reward": 0.39856061339378357, "consecutive_successes": 0.036339759826660156, "losses/bounds_loss": 0.0, "rewards/step": null, "rewards/iter": null, "rewards/time": null, "shaped_rewards/step": null, "shaped_rewards/iter": null, "shaped_rewards/time": null, "episode_lengths": 12.118643760681152, "episode_lengths/step": 12.118643760681152, "episode_lengths/iter": 12.118643760681152, "episode_lengths/time": 12.118643760681152, "_wandb": {"runtime": 1024}}