{"global_step": 19464192, "_timestamp": 1728076733.330793, "performance/step_inference_rl_update_fps": 274517.75, "performance/step_inference_fps": 631973.0, "performance/step_fps": 822687.25, "performance/rl_update_time": 0.13503050804138184, "performance/step_inference_time": 0.10370063781738281, "performance/step_time": 0.07966089248657227, "losses/a_loss": -0.003873563138768077, "losses/c_loss": 0.0993201732635498, "losses/entropy": 1.0752339363098145, "info/last_lr": 0.001316872425377369, "info/lr_mul": 1.0, "info/e_clip": 0.20000000298023224, "info/kl": 0.008478986099362373, "info/epochs": 298.0, "_runtime": 70, "_step": 298, "gpt_reward": 2.3116941452026367, "stability_reward": 0.9360924959182739, "speed_penalty": 0.3851586878299713, "position_reward": 0.9904429912567139, "gt_reward": 0.5012579560279846, "consecutive_successes": 456.5, "losses/bounds_loss": 0.08017437160015106, "rewards/step": 1031.3828125, "rewards/iter": 1031.3828125, "rewards/time": 1031.3828125, "shaped_rewards/step": 103.13827514648438, "shaped_rewards/iter": 103.13827514648438, "shaped_rewards/time": 103.13827514648438, "episode_lengths": 449.2211608886719, "episode_lengths/step": 449.2211608886719, "episode_lengths/iter": 449.2211608886719, "episode_lengths/time": 449.2211608886719, "_wandb": {"runtime": 72}}