{"global_step": 16318464, "_timestamp": 1728076966.965808, "performance/step_inference_rl_update_fps": 282040.03125, "performance/step_inference_fps": 610146.9375, "performance/step_fps": 837787.0, "performance/rl_update_time": 0.1249537467956543, "performance/step_inference_time": 0.10741019248962402, "performance/step_time": 0.07822513580322266, "losses/a_loss": -0.0032247337512671947, "losses/c_loss": 0.09286229312419891, "losses/entropy": 1.7522982358932495, "info/last_lr": 0.00296296295709908, "info/lr_mul": 1.0, "info/e_clip": 0.20000000298023224, "info/kl": 0.011913841590285301, "info/epochs": 250.0, "_runtime": 58, "_step": 250, "gpt_reward": 2.5791101455688477, "stability_reward": 0.9506664276123047, "speed_penalty": 0.6376001834869385, "position_reward": 0.9908437132835388, "gt_reward": 0.5573387742042542, "consecutive_successes": 411.18182373046875, "losses/bounds_loss": 0.01752023957669735, "rewards/step": 1139.6119384765625, "rewards/iter": 1138.9505615234375, "rewards/time": 1138.9505615234375, "shaped_rewards/step": 113.89506530761719, "shaped_rewards/iter": 113.89506530761719, "shaped_rewards/time": 113.89506530761719, "episode_lengths": 449.980224609375, "episode_lengths/step": 449.980224609375, "episode_lengths/iter": 449.980224609375, "episode_lengths/time": 449.980224609375, "_wandb": {"runtime": 60}}