{"global_step": 196542464, "_timestamp": 1728045941.215049, "performance/step_inference_rl_update_fps": 260404.625, "performance/step_inference_fps": 285603.15625, "performance/step_fps": 341626.1875, "performance/rl_update_time": 0.02236008644104004, "performance/step_inference_time": 0.22542405128479004, "performance/step_time": 0.1918354034423828, "losses/a_loss": 0.0012558216694742441, "losses/c_loss": 0.017196480184793472, "losses/entropy": -7.558642387390137, "info/last_lr": 0.00011561020073713735, "info/lr_mul": 1.0, "info/e_clip": 0.20000000298023224, "info/kl": 0.02151719108223915, "info/epochs": 2999.0, "_runtime": 760, "_step": 3000, "gpt_reward": 1.0326814651489258, "forward_reward": 0.13544520735740662, "distance_reward": -0.0010000185575336218, "gt_reward": 0.3955955505371094, "consecutive_successes": 0.29213523864746094, "losses/bounds_loss": 2.640075445175171, "rewards/step": 13.474055290222168, "rewards/iter": 13.474055290222168, "rewards/time": 13.474055290222168, "shaped_rewards/step": 0.13474054634571075, "shaped_rewards/iter": 0.13474054634571075, "shaped_rewards/time": 0.13474054634571075, "episode_lengths": 13.064814567565918, "episode_lengths/step": 13.064814567565918, "episode_lengths/iter": 13.064814567565918, "episode_lengths/time": 13.064814567565918, "_wandb": {"runtime": 761}}