{"global_step": 196411392, "_timestamp": 1728046779.3425145, "performance/step_inference_rl_update_fps": 264519.0625, "performance/step_inference_fps": 297099.78125, "performance/step_fps": 353281.25, "performance/rl_update_time": 0.027169227600097656, "performance/step_inference_time": 0.22058582305908203, "performance/step_time": 0.18550658226013184, "losses/a_loss": -0.0009404330048710108, "losses/c_loss": 0.01235252246260643, "losses/entropy": -6.916303634643555, "info/last_lr": 0.00011561020073713735, "info/lr_mul": 1.0, "info/e_clip": 0.20000000298023224, "info/kl": 0.013084731996059418, "info/epochs": 2998.0, "_runtime": 771, "_step": 2998, "gpt_reward": 12.052082061767578, "forward_reward": 12.052082061767578, "distance_reward": 0.0, "gt_reward": 0.3279183804988861, "consecutive_successes": 0.43899059295654297, "losses/bounds_loss": 5.764710426330566, "rewards/step": 137.7428741455078, "rewards/iter": 137.7428741455078, "rewards/time": 143.2242889404297, "shaped_rewards/step": 1.432242751121521, "shaped_rewards/iter": 1.432242751121521, "shaped_rewards/time": 1.432242751121521, "episode_lengths": 11.881159782409668, "episode_lengths/step": 11.881159782409668, "episode_lengths/iter": 11.881159782409668, "episode_lengths/time": 11.881159782409668, "_wandb": {"runtime": 773}}