{"global_step": 2441216, "_timestamp": 1728059126.6689744, "performance/step_inference_rl_update_fps": 46529.22265625, "performance/step_inference_fps": 51082.140625, "performance/step_fps": 62636.9296875, "performance/rl_update_time": 0.015691757202148438, "performance/step_inference_time": 0.1493682861328125, "performance/step_time": 0.1303408145904541, "losses/a_loss": 0.0025344672612845898, "losses/c_loss": 0.014830452390015125, "losses/entropy": -1.3774659633636475, "info/last_lr": 0.006666666828095913, "info/lr_mul": 1.0, "info/e_clip": 0.20000000298023224, "info/kl": 0.015323293395340443, "info/epochs": 298.0, "_runtime": 61, "_step": 299, "gpt_reward": 0.969757080078125, "upright_reward": 0.9976844787597656, "cart_velocity_penalty": 0.986406683921814, "pole_velocity_penalty": 0.9852834939956665, "gt_reward": 0.9949643611907959, "consecutive_successes": 0.0, "losses/bounds_loss": 0.0, "rewards/step": 444.8088073730469, "rewards/iter": 444.8088073730469, "rewards/time": 444.8088073730469, "shaped_rewards/step": 44.48089599609375, "shaped_rewards/iter": 44.48089599609375, "shaped_rewards/time": 44.48089599609375, "episode_lengths": 469.9874572753906, "episode_lengths/step": 469.9874572753906, "episode_lengths/iter": 469.9874572753906, "episode_lengths/time": 469.9874572753906, "_wandb": {"runtime": 63}}