{"global_step": 2449408, "_timestamp": 1728058731.410153, "performance/step_inference_rl_update_fps": 68619.9765625, "performance/step_inference_fps": 78344.7578125, "performance/step_fps": 93521.3359375, "performance/rl_update_time": 0.014818668365478516, "performance/step_inference_time": 0.10456347465515137, "performance/step_time": 0.08759498596191406, "losses/a_loss": 0.0007195619982667267, "losses/c_loss": 0.3220731019973755, "losses/entropy": -2.2976291179656982, "info/last_lr": 0.009999999776482582, "info/lr_mul": 1.0, "info/e_clip": 0.20000000298023224, "info/kl": -0.00036610872484743595, "info/epochs": 299.0, "_runtime": 60, "_step": 300, "gpt_reward": 0.9979234933853149, "angle_reward": 0.9999439120292664, "angular_vel_penalty": 0.997979462146759, "gt_reward": 0.9971328377723694, "consecutive_successes": 499.0, "losses/bounds_loss": 0.0, "rewards/step": 498.63372802734375, "rewards/iter": 498.63372802734375, "rewards/time": 498.63372802734375, "shaped_rewards/step": 49.86336898803711, "shaped_rewards/iter": 49.86336898803711, "shaped_rewards/time": 49.86336898803711, "episode_lengths": 499.9141540527344, "episode_lengths/step": 499.9141540527344, "episode_lengths/iter": 499.9141540527344, "episode_lengths/time": 499.9141540527344, "_wandb": {"runtime": 60}}