{"global_step": 802816, "_timestamp": 1728059586.6090152, "performance/step_inference_rl_update_fps": 169650.90625, "performance/step_inference_fps": 233387.25, "performance/step_fps": 344779.96875, "performance/rl_update_time": 0.01318669319152832, "performance/step_inference_time": 0.035100460052490234, "performance/step_time": 0.023760080337524414, "losses/a_loss": 0.0040410226210951805, "losses/c_loss": 0.03553294390439987, "losses/entropy": -1.0923261642456055, "info/last_lr": 0.00296296295709908, "info/lr_mul": 1.0, "info/e_clip": 0.20000000298023224, "info/kl": 0.008322987705469131, "info/epochs": 99.0, "_runtime": 9, "_step": 99, "gpt_reward": 0.9553062319755554, "upright_reward": 0.9944294691085815, "velocity_penalty": 0.9601273536682129, "gt_reward": 0.9595077633857727, "consecutive_successes": 250.0, "losses/bounds_loss": 0.0, "rewards/step": 265.6444091796875, "rewards/iter": 265.6444091796875, "rewards/time": 265.6444091796875, "shaped_rewards/step": 26.564443588256836, "shaped_rewards/iter": 26.564443588256836, "shaped_rewards/time": 26.95777702331543, "episode_lengths": 284.04937744140625, "episode_lengths/step": 284.04937744140625, "episode_lengths/iter": 284.04937744140625, "episode_lengths/time": 284.04937744140625, "_wandb": {"runtime": 10}}