{"global_step": 196476928, "_timestamp": 1728045126.2072723, "performance/step_inference_rl_update_fps": 259611.703125, "performance/step_inference_fps": 288448.25, "performance/step_fps": 336522.0, "performance/rl_update_time": 0.02523636817932129, "performance/step_inference_time": 0.2272019386291504, "performance/step_time": 0.19474506378173828, "losses/a_loss": 0.001811023335903883, "losses/c_loss": 0.03902403265237808, "losses/entropy": -10.41292953491211, "info/last_lr": 7.707346958341077e-05, "info/lr_mul": 1.0, "info/e_clip": 0.20000000298023224, "info/kl": 0.01734170876443386, "info/epochs": 2999.0, "_runtime": 776, "_step": 2999, "gpt_reward": 14.198691368103027, "forward_reward": 14.198691368103027, "distance_reward": 0.0, "gt_reward": 0.3464929163455963, "consecutive_successes": 0.37735843658447266, "losses/bounds_loss": 5.202556610107422, "rewards/step": 158.2246856689453, "rewards/iter": 158.2246856689453, "rewards/time": 158.2246856689453, "shaped_rewards/step": 1.5822467803955078, "shaped_rewards/iter": 1.5822467803955078, "shaped_rewards/time": 1.5822467803955078, "episode_lengths": 11.800000190734863, "episode_lengths/step": 11.800000190734863, "episode_lengths/iter": 11.800000190734863, "episode_lengths/time": 11.800000190734863, "_wandb": {"runtime": 777}}