{"global_step": 2441216, "_timestamp": 1728059132.5562165, "performance/step_inference_rl_update_fps": 72655.515625, "performance/step_inference_fps": 83491.046875, "performance/step_fps": 100143.5078125, "performance/rl_update_time": 0.014632940292358398, "performance/step_inference_time": 0.09811830520629883, "performance/step_time": 0.0818026065826416, "losses/a_loss": 0.022235486656427383, "losses/c_loss": 0.044849418103694916, "losses/entropy": -1.997905969619751, "info/last_lr": 0.006666666828095913, "info/lr_mul": 1.0, "info/e_clip": 0.20000000298023224, "info/kl": 0.019529767334461212, "info/epochs": 298.0, "_runtime": 61, "_step": 299, "gpt_reward": 0.8668030500411987, "upright_reward": 0.993215799331665, "velocity_penalty": 0.8848724961280823, "angular_velocity_penalty": 0.9858499765396118, "gt_reward": 0.9719189405441284, "consecutive_successes": 340.5, "losses/bounds_loss": 0.0, "rewards/step": 216.5625762939453, "rewards/iter": 216.5625762939453, "rewards/time": 216.5625762939453, "shaped_rewards/step": 21.65624237060547, "shaped_rewards/iter": 21.65624237060547, "shaped_rewards/time": 21.65624237060547, "episode_lengths": 262.4140319824219, "episode_lengths/step": 262.4140319824219, "episode_lengths/iter": 262.4140319824219, "episode_lengths/time": 262.4140319824219, "_wandb": {"runtime": 63}}