{"global_step": 196411392, "_timestamp": 1728048712.4105315, "performance/step_inference_rl_update_fps": 370364.5625, "performance/step_inference_fps": 423718.9375, "performance/step_fps": 498238.0, "performance/rl_update_time": 0.022281408309936523, "performance/step_inference_time": 0.15466856956481934, "performance/step_time": 0.13153553009033203, "losses/a_loss": 0.0017387403640896082, "losses/c_loss": 0.008392656221985817, "losses/entropy": -1.5506739616394043, "info/last_lr": 0.001316872425377369, "info/lr_mul": 1.0, "info/e_clip": 0.20000000298023224, "info/kl": 0.008745507337152958, "info/epochs": 2998.0, "_runtime": 1026, "_step": 2998, "gpt_reward": 1022.3992919921875, "forward_reward": 1022.3992919921875, "proximity_reward": 0.0, "task_score": 0.0, "gt_reward": 0.6236765384674072, "consecutive_successes": 0.1514577865600586, "losses/bounds_loss": 1.0935288667678833, "rewards/step": 14641.099609375, "rewards/iter": 14641.099609375, "rewards/time": 14641.099609375, "shaped_rewards/step": 146.41099548339844, "shaped_rewards/iter": 0.035616155713796616, "shaped_rewards/time": 0.035616155713796616, "episode_lengths": 11.033854484558105, "episode_lengths/step": 11.033854484558105, "episode_lengths/iter": 11.033854484558105, "episode_lengths/time": 11.033854484558105, "_wandb": {"runtime": 1028}}