{"global_step": 196476928, "_timestamp": 1728050905.653375, "performance/step_inference_rl_update_fps": 436116.15625, "performance/step_inference_fps": 652041.5625, "performance/step_fps": 838275.0, "performance/rl_update_time": 0.018697023391723633, "performance/step_inference_time": 0.1005089282989502, "performance/step_time": 0.07817959785461426, "losses/a_loss": 0.0005971291102468967, "losses/c_loss": 0.00585198774933815, "losses/entropy": -8.223459243774414, "info/last_lr": 7.707346958341077e-05, "info/lr_mul": 1.0, "info/e_clip": 0.20000000298023224, "info/kl": 0.01287139393389225, "info/epochs": 2998.0, "_runtime": 1034, "_step": 2999, "gpt_reward": -0.9446489810943604, "forward_reward": 0.05535101145505905, "proximity_reward": -1.0, "gt_reward": -0.37805843353271484, "consecutive_successes": -0.21106624603271484, "losses/bounds_loss": 4.910944938659668, "rewards/step": -8.503457069396973, "rewards/iter": -8.503457069396973, "rewards/time": -8.503457069396973, "shaped_rewards/step": -0.0850345715880394, "shaped_rewards/iter": -0.0850345715880394, "shaped_rewards/time": -0.0850345715880394, "episode_lengths": 11.000000953674316, "episode_lengths/step": 11.000000953674316, "episode_lengths/iter": 11.000000953674316, "episode_lengths/time": 11.000000953674316, "_wandb": {"runtime": 1036}}