{"global_step": 196542464, "_timestamp": 1728049810.6362016, "performance/step_inference_rl_update_fps": 486432.09375, "performance/step_inference_fps": 557793.625, "performance/step_fps": 724881.375, "performance/rl_update_time": 0.01723647117614746, "performance/step_inference_time": 0.11749148368835449, "performance/step_time": 0.0904092788696289, "losses/a_loss": -0.00048297265311703086, "losses/c_loss": 0.013591459020972252, "losses/entropy": -2.3186774253845215, "info/last_lr": 0.00017341530474368483, "info/lr_mul": 1.0, "info/e_clip": 0.20000000298023224, "info/kl": 0.012516885064542294, "info/epochs": 2999.0, "_runtime": 1028, "_step": 3000, "gpt_reward": 344.8028259277344, "forward_reward": 345.8028259277344, "distance_reward": -1.0, "progress_reward": 0.0, "gt_reward": 0.6665588617324829, "consecutive_successes": 0.2876911163330078, "losses/bounds_loss": 13.32169246673584, "rewards/step": 3958.574951171875, "rewards/iter": 3958.574951171875, "rewards/time": 3958.574951171875, "shaped_rewards/step": 39.58573913574219, "shaped_rewards/iter": 39.58573913574219, "shaped_rewards/time": 39.58573913574219, "episode_lengths": 11.864787101745605, "episode_lengths/step": 11.864787101745605, "episode_lengths/iter": 11.864787101745605, "episode_lengths/time": 11.864787101745605, "_wandb": {"runtime": 1029}}