{"global_step": 802816, "_timestamp": 1728059574.3724823, "performance/step_inference_rl_update_fps": 163576.515625, "performance/step_inference_fps": 231586.125, "performance/step_fps": 336705.03125, "performance/rl_update_time": 0.014706850051879883, "performance/step_inference_time": 0.03537344932556152, "performance/step_time": 0.02432990074157715, "losses/a_loss": 0.0006429608911275864, "losses/c_loss": 0.00038652552757412195, "losses/entropy": -1.1293599605560303, "info/last_lr": 0.006666666828095913, "info/lr_mul": 1.0, "info/e_clip": 0.20000000298023224, "info/kl": 0.009134967811405659, "info/epochs": 99.0, "_runtime": 9, "_step": 99, "gpt_reward": 0.9667924642562866, "upright_reward": 0.9989765882492065, "velocity_penalty": 0.967782199382782, "gt_reward": 0.994818925857544, "consecutive_successes": 0.0, "losses/bounds_loss": 0.0, "rewards/step": 478.9680480957031, "rewards/iter": 478.9680480957031, "rewards/time": 478.9680480957031, "shaped_rewards/step": 47.89680480957031, "shaped_rewards/iter": 47.89680480957031, "shaped_rewards/time": 47.89680480957031, "episode_lengths": 499.9891052246094, "episode_lengths/step": 499.9891052246094, "episode_lengths/iter": 499.9891052246094, "episode_lengths/time": 499.9891052246094, "_wandb": {"runtime": 11}}