{"global_step": 196476928, "_timestamp": 1728048716.454999, "performance/step_inference_rl_update_fps": 668781.5625, "performance/step_inference_fps": 809590.6875, "performance/step_fps": 977520.9375, "performance/rl_update_time": 0.017043590545654297, "performance/step_inference_time": 0.08094954490661621, "performance/step_time": 0.06704306602478027, "losses/a_loss": -0.0011897780932486057, "losses/c_loss": 0.011695601046085358, "losses/entropy": -6.766904354095459, "info/last_lr": 0.00017341530474368483, "info/lr_mul": 1.0, "info/e_clip": 0.20000000298023224, "info/kl": 0.009842918254435062, "info/epochs": 2999.0, "_runtime": 1023, "_step": 2999, "gpt_reward": 2582.46728515625, "forward_reward": 2582.27978515625, "proximity_reward": 0.0, "task_score": 0.1875, "gt_reward": 0.3875306248664856, "consecutive_successes": 0.3779182434082031, "losses/bounds_loss": 1.702741265296936, "rewards/step": 19132.23828125, "rewards/iter": 47714.328125, "rewards/time": 47714.328125, "shaped_rewards/step": 477.1433410644531, "shaped_rewards/iter": 477.1433410644531, "shaped_rewards/time": 477.1433410644531, "episode_lengths": 11.854228019714355, "episode_lengths/step": 11.854228019714355, "episode_lengths/iter": 11.854228019714355, "episode_lengths/time": 11.854228019714355, "_wandb": {"runtime": 1024}}