{"global_step": 19464192, "_timestamp": 1728076815.968756, "performance/step_inference_rl_update_fps": 327042.5, "performance/step_inference_fps": 746060.8125, "performance/step_fps": 959370.625, "performance/rl_update_time": 0.11254692077636719, "performance/step_inference_time": 0.08784270286560059, "performance/step_time": 0.06831145286560059, "losses/a_loss": -0.003634318709373474, "losses/c_loss": 0.14313678443431854, "losses/entropy": 1.542288064956665, "info/last_lr": 0.0005852766335010529, "info/lr_mul": 1.0, "info/e_clip": 0.20000000298023224, "info/kl": 0.009830783121287823, "info/epochs": 298.0, "_runtime": 65, "_step": 298, "gpt_reward": 4.11154317855835, "stability_reward": 0.9597392678260803, "speed_penalty": 0.6470403671264648, "position_reward": 2.50476336479187, "gt_reward": 0.4150073826313019, "consecutive_successes": 450.5, "losses/bounds_loss": 0.04873715341091156, "rewards/step": 1890.16748046875, "rewards/iter": 1890.16748046875, "rewards/time": 1890.16748046875, "shaped_rewards/step": 189.01673889160156, "shaped_rewards/iter": 189.01673889160156, "shaped_rewards/time": 189.01673889160156, "episode_lengths": 453.7160949707031, "episode_lengths/step": 453.7160949707031, "episode_lengths/iter": 453.7160949707031, "episode_lengths/time": 453.7160949707031, "_wandb": {"runtime": 67}}