{"global_step": 2441216, "_timestamp": 1728059497.9090803, "performance/step_inference_rl_update_fps": 28991.744140625, "performance/step_inference_fps": 31289.08984375, "performance/step_fps": 35593.1484375, "performance/rl_update_time": 0.020746469497680664, "performance/step_inference_time": 0.26181650161743164, "performance/step_time": 0.23015666007995605, "losses/a_loss": -0.00039082160219550133, "losses/c_loss": 0.005199304316192865, "losses/entropy": -2.1578123569488525, "info/last_lr": 0.006666666828095913, "info/lr_mul": 1.0, "info/e_clip": 0.20000000298023224, "info/kl": 0.004018826875835657, "info/epochs": 298.0, "_runtime": 54, "_step": 299, "gpt_reward": 0.9701866507530212, "upright_reward": 0.9988498687744141, "velocity_penalty": 0.9826069474220276, "angular_velocity_penalty": 0.9884508848190308, "gt_reward": 0.9974402189254761, "consecutive_successes": 499.0, "losses/bounds_loss": 0.0, "rewards/step": 464.2086486816406, "rewards/iter": 464.2086486816406, "rewards/time": 464.2086486816406, "shaped_rewards/step": 46.42086410522461, "shaped_rewards/iter": 46.42086410522461, "shaped_rewards/time": 46.42086410522461, "episode_lengths": 498.5039978027344, "episode_lengths/step": 498.5039978027344, "episode_lengths/iter": 498.5039978027344, "episode_lengths/time": 498.5039978027344, "_wandb": {"runtime": 56}}