{"global_step": 32702464, "_timestamp": 1728051118.3117895, "performance/step_inference_rl_update_fps": 357781.15625, "performance/step_inference_fps": 403510.0625, "performance/step_fps": 480401.25, "performance/rl_update_time": 0.020758390426635742, "performance/step_inference_time": 0.1624147891998291, "performance/step_time": 0.13641929626464844, "losses/a_loss": -0.000957028241828084, "losses/c_loss": 0.04312479496002197, "losses/entropy": 0.7550870776176453, "info/last_lr": 0.00017341530474368483, "info/lr_mul": 1.0, "info/e_clip": 0.20000000298023224, "info/kl": 0.016474707052111626, "info/epochs": 500.0, "_runtime": 161, "_step": 500, "gpt_reward": 11.778780937194824, "forward_reward": 11.778780937194824, "proximity_reward": 0.0, "gt_reward": 0.41352608799934387, "consecutive_successes": 0.3529977798461914, "losses/bounds_loss": 5.87382698059082, "rewards/step": 120.26200866699219, "rewards/iter": 120.26200866699219, "rewards/time": 120.26200866699219, "shaped_rewards/step": 1.2026199102401733, "shaped_rewards/iter": 1.2026199102401733, "shaped_rewards/time": 1.2026199102401733, "episode_lengths": 11.460000038146973, "episode_lengths/step": 11.460000038146973, "episode_lengths/iter": 11.460000038146973, "episode_lengths/time": 11.460000038146973, "_wandb": {"runtime": 160}}