{"global_step": 2449408, "_timestamp": 1728058723.877446, "performance/step_inference_rl_update_fps": 48904.53515625, "performance/step_inference_fps": 54057.80859375, "performance/step_fps": 62170.78125, "performance/rl_update_time": 0.01596832275390625, "performance/step_inference_time": 0.15154147148132324, "performance/step_time": 0.13176608085632324, "losses/a_loss": -0.016934843733906746, "losses/c_loss": 0.0016364164184778929, "losses/entropy": -1.892822504043579, "info/last_lr": 0.009999999776482582, "info/lr_mul": 1.0, "info/e_clip": 0.20000000298023224, "info/kl": 0.007522438187152147, "info/epochs": 300.0, "_runtime": 59, "_step": 300, "gpt_reward": 0.9718112945556641, "upright_reward": 0.9954601526260376, "velocity_penalty": 0.9762452244758606, "gt_reward": 0.9890018105506897, "consecutive_successes": 0.0, "losses/bounds_loss": 0.0, "rewards/step": 177.62661743164062, "rewards/iter": 177.62661743164062, "rewards/time": 177.62661743164062, "shaped_rewards/step": 17.76265525817871, "shaped_rewards/iter": 17.76265525817871, "shaped_rewards/time": 17.76265525817871, "episode_lengths": 195.4867401123047, "episode_lengths/step": 195.4867401123047, "episode_lengths/iter": 195.4867401123047, "episode_lengths/time": 195.4867401123047, "_wandb": {"runtime": 61}}