{"global_step": 196476928, "_timestamp": 1728049807.3936656, "performance/step_inference_rl_update_fps": 313004.34375, "performance/step_inference_fps": 353628.5, "performance/step_fps": 435053.1875, "performance/rl_update_time": 0.024052858352661133, "performance/step_inference_time": 0.18532443046569824, "performance/step_time": 0.15063905715942383, "losses/a_loss": -0.00048297265311703086, "losses/c_loss": 0.013591459020972252, "losses/entropy": -2.3186774253845215, "info/last_lr": 0.00017341530474368483, "info/lr_mul": 1.0, "info/e_clip": 0.20000000298023224, "info/kl": 0.012516885064542294, "info/epochs": 2999.0, "_runtime": 1032, "_step": 2999, "gpt_reward": 344.8028259277344, "forward_reward": 345.8028259277344, "progress_reward": -1.0, "task_score": 0.0, "gt_reward": 0.6665588617324829, "consecutive_successes": 0.2876911163330078, "losses/bounds_loss": 13.32169246673584, "rewards/step": 3958.574951171875, "rewards/iter": 3958.574951171875, "rewards/time": 3958.574951171875, "shaped_rewards/step": 39.58573913574219, "shaped_rewards/iter": 39.58573913574219, "shaped_rewards/time": 39.58573913574219, "episode_lengths": 11.864787101745605, "episode_lengths/step": 11.934843063354492, "episode_lengths/iter": 11.934843063354492, "episode_lengths/time": 11.934843063354492, "_wandb": {"runtime": 1034}}