{"global_step": 196411392, "_timestamp": 1728046792.6127346, "performance/step_inference_rl_update_fps": 565213.25, "performance/step_inference_fps": 661975.1875, "performance/step_fps": 835840.6875, "performance/rl_update_time": 0.016948223114013672, "performance/step_inference_time": 0.09900069236755371, "performance/step_time": 0.07840728759765625, "losses/a_loss": -0.0007679818663746119, "losses/c_loss": 0.023011405020952225, "losses/entropy": -8.957611083984375, "info/last_lr": 0.00011561020073713735, "info/lr_mul": 1.0, "info/e_clip": 0.20000000298023224, "info/kl": 0.004825560841709375, "info/epochs": 2998.0, "_runtime": 769, "_step": 2998, "gpt_reward": 13.633251190185547, "forward_reward": 13.633251190185547, "proximity_reward": 0.0, "gt_reward": 0.41828516125679016, "consecutive_successes": 0.42326831817626953, "losses/bounds_loss": 5.352677822113037, "rewards/step": 148.7342987060547, "rewards/iter": 148.7342987060547, "rewards/time": 148.7342987060547, "shaped_rewards/step": 1.4873430728912354, "shaped_rewards/iter": 1.4034314155578613, "shaped_rewards/time": 1.4034314155578613, "episode_lengths": 11.567415237426758, "episode_lengths/step": 11.567415237426758, "episode_lengths/iter": 11.567415237426758, "episode_lengths/time": 11.567415237426758, "_wandb": {"runtime": 771}}