{"global_step": 196542464, "_timestamp": 1728045139.5302978, "performance/step_inference_rl_update_fps": 378085.375, "performance/step_inference_fps": 427830.875, "performance/step_fps": 527056.5625, "performance/rl_update_time": 0.020154237747192383, "performance/step_inference_time": 0.1531820297241211, "performance/step_time": 0.1243433952331543, "losses/a_loss": -0.00282726576551795, "losses/c_loss": 0.0060107046738266945, "losses/entropy": 3.24409818649292, "info/last_lr": 0.0005852766335010529, "info/lr_mul": 1.0, "info/e_clip": 0.20000000298023224, "info/kl": 0.007091331761330366, "info/epochs": 3000.0, "_runtime": 781, "_step": 3000, "gpt_reward": -998.6790771484375, "forward_reward": 0.13520531356334686, "distance_reward": -999.9578857421875, "speed_reward": 1.1436424255371094, "gt_reward": 0.1609678417444229, "consecutive_successes": 0.14618873596191406, "losses/bounds_loss": 6.74769401550293, "rewards/step": -11025.4560546875, "rewards/iter": -11025.4560546875, "rewards/time": -11025.4560546875, "shaped_rewards/step": -110.25454711914062, "shaped_rewards/iter": -109.85868072509766, "shaped_rewards/time": -109.85868072509766, "episode_lengths": 11.0, "episode_lengths/step": 11.0, "episode_lengths/iter": 11.0, "episode_lengths/time": 11.0, "_wandb": {"runtime": 783}}