{"global_step": 802816, "_timestamp": 1728059561.8041985, "performance/step_inference_rl_update_fps": 158253.03125, "performance/step_inference_fps": 218122.453125, "performance/step_fps": 309307.5625, "performance/rl_update_time": 0.014208316802978516, "performance/step_inference_time": 0.03755688667297363, "performance/step_time": 0.026484966278076172, "losses/a_loss": 0.0008413848700001836, "losses/c_loss": 0.009613001719117165, "losses/entropy": -1.4952706098556519, "info/last_lr": 0.009999999776482582, "info/lr_mul": 1.0, "info/e_clip": 0.20000000298023224, "info/kl": 0.0060168420895934105, "info/epochs": 99.0, "_runtime": 8, "_step": 99, "gpt_reward": 0.9755229949951172, "upright_reward": 0.9983866214752197, "velocity_penalty": 0.9770994782447815, "gt_reward": 0.9960579872131348, "consecutive_successes": 0.0, "losses/bounds_loss": 0.0, "rewards/step": 479.2627258300781, "rewards/iter": 479.2627258300781, "rewards/time": 479.2627258300781, "shaped_rewards/step": 47.92627716064453, "shaped_rewards/iter": 47.92627716064453, "shaped_rewards/time": 47.92418670654297, "episode_lengths": 499.9887390136719, "episode_lengths/step": 499.9887390136719, "episode_lengths/iter": 499.9887390136719, "episode_lengths/time": 499.9887390136719, "_wandb": {"runtime": 10}}