{"global_step": 196476928, "_timestamp": 1728047605.9066575, "performance/step_inference_rl_update_fps": 258075.390625, "performance/step_inference_fps": 284475.84375, "performance/step_fps": 332889.15625, "performance/rl_update_time": 0.023566484451293945, "performance/step_inference_time": 0.23037457466125488, "performance/step_time": 0.1968703269958496, "losses/a_loss": 0.011962036602199078, "losses/c_loss": 0.006001962348818779, "losses/entropy": -12.344401359558105, "info/last_lr": 0.0002601229352876544, "info/lr_mul": 1.0, "info/e_clip": 0.20000000298023224, "info/kl": -0.0013574734330177307, "info/epochs": 2998.0, "_runtime": 770, "_step": 2999, "gpt_reward": 0.4473865032196045, "forward_reward": 0.4473865032196045, "proximity_reward": 0.0, "task_score": 0.0, "gt_reward": 0.8585002422332764, "consecutive_successes": 0.4749889373779297, "losses/bounds_loss": 2.271662950515747, "rewards/step": 3.9586434364318848, "rewards/iter": 3.9586434364318848, "rewards/time": 3.9586434364318848, "shaped_rewards/step": 0.03958643600344658, "shaped_rewards/iter": 0.03958643600344658, "shaped_rewards/time": 0.03958643600344658, "episode_lengths": 11.0, "episode_lengths/step": 11.0, "episode_lengths/iter": 11.0, "episode_lengths/time": 11.0, "_wandb": {"runtime": 772}}