{"global_step": 196476928, "_timestamp": 1728047621.3769274, "performance/step_inference_rl_update_fps": 341997.25, "performance/step_inference_fps": 389496.65625, "performance/step_fps": 475507.25, "performance/rl_update_time": 0.02336883544921875, "performance/step_inference_time": 0.1682581901550293, "performance/step_time": 0.13782334327697754, "losses/a_loss": 0.010236289352178574, "losses/c_loss": 1.6254368802037789e-06, "losses/entropy": -0.7025769352912903, "info/last_lr": 0.0002601229352876544, "info/lr_mul": 1.0, "info/e_clip": 0.20000000298023224, "info/kl": 0.07200469821691513, "info/epochs": 2999.0, "_runtime": 779, "_step": 2999, "gpt_reward": 51805683712.0, "forward_reward": 51805683712.0, "proximity_reward": 0.0010215596994385123, "gt_reward": 0.5398437976837158, "consecutive_successes": 0.3787393569946289, "losses/bounds_loss": 2.775547981262207, "rewards/step": 52047794176.0, "rewards/iter": 52047794176.0, "rewards/time": 653922533376.0, "shaped_rewards/step": 6539223040.0, "shaped_rewards/iter": 6539223040.0, "shaped_rewards/time": 6539223040.0, "episode_lengths": 12.256266593933105, "episode_lengths/step": 12.256266593933105, "episode_lengths/iter": 12.256266593933105, "episode_lengths/time": 12.256266593933105, "_wandb": {"runtime": 780}}