{"global_step": 19464192, "_timestamp": 1728076471.7663114, "performance/step_inference_rl_update_fps": 252501.703125, "performance/step_inference_fps": 543238.0625, "performance/step_fps": 731651.75, "performance/rl_update_time": 0.13890671730041504, "performance/step_inference_time": 0.12063956260681152, "performance/step_time": 0.08957266807556152, "losses/a_loss": -0.0001484499080106616, "losses/c_loss": 0.0038268896751105785, "losses/entropy": 1.1480224132537842, "info/last_lr": 1.522438833490014e-05, "info/lr_mul": 1.0, "info/e_clip": 0.20000000298023224, "info/kl": 0.011825740337371826, "info/epochs": 298.0, "_runtime": 70, "_step": 298, "gpt_reward": -39299.6171875, "stability_reward": 0.9658522605895996, "speed_penalty": -39301.5078125, "position_reward": 0.922785758972168, "gt_reward": 0.26612937450408936, "consecutive_successes": 102.37255096435547, "losses/bounds_loss": 52.69243240356445, "rewards/step": -3213164.0, "rewards/iter": -3213164.0, "rewards/time": -3213164.0, "shaped_rewards/step": -321316.40625, "shaped_rewards/iter": -321316.40625, "shaped_rewards/time": -321316.40625, "episode_lengths": 97.86181640625, "episode_lengths/step": 97.86181640625, "episode_lengths/iter": 97.86181640625, "episode_lengths/time": 97.86181640625, "_wandb": {"runtime": 72}}