{"global_step": 802816, "_timestamp": 1728059568.0909653, "performance/step_inference_rl_update_fps": 152200.578125, "performance/step_inference_fps": 212192.765625, "performance/step_fps": 287168.71875, "performance/rl_update_time": 0.015217065811157227, "performance/step_inference_time": 0.03860640525817871, "performance/step_time": 0.028526782989501953, "losses/a_loss": 0.00500310817733407, "losses/c_loss": 0.0004429389373399317, "losses/entropy": -1.205759048461914, "info/last_lr": 0.004444444552063942, "info/lr_mul": 1.0, "info/e_clip": 0.20000000298023224, "info/kl": 0.007876910269260406, "info/epochs": 99.0, "_runtime": 9, "_step": 99, "gpt_reward": 0.9715116024017334, "upright_reward": 0.9987770318984985, "velocity_penalty": 0.9726999402046204, "gt_reward": 0.995439887046814, "consecutive_successes": 0.0, "losses/bounds_loss": 0.0, "rewards/step": 474.4278259277344, "rewards/iter": 474.4278259277344, "rewards/time": 474.4278259277344, "shaped_rewards/step": 47.44279098510742, "shaped_rewards/iter": 47.44279098510742, "shaped_rewards/time": 47.44279098510742, "episode_lengths": 499.9898986816406, "episode_lengths/step": 499.9898986816406, "episode_lengths/iter": 499.9898986816406, "episode_lengths/time": 499.9898986816406, "_wandb": {"runtime": 11}}