{"global_step": 196542464, "_timestamp": 1728045957.0671034, "performance/step_inference_rl_update_fps": 315169.5, "performance/step_inference_fps": 344722.90625, "performance/step_fps": 416802.5, "performance/rl_update_time": 0.017826557159423828, "performance/step_inference_time": 0.19011211395263672, "performance/step_time": 0.15723514556884766, "losses/a_loss": null, "losses/c_loss": null, "losses/entropy": 11.351506233215332, "info/last_lr": 0.009999999776482582, "info/lr_mul": 1.0, "info/e_clip": 0.20000000298023224, "info/kl": 4.0054328565020114e-05, "info/epochs": 2999.0, "_runtime": 764, "_step": 3000, "gpt_reward": null, "forward_reward": null, "distance_reward": 0.0, "gt_reward": 0.3950803875923157, "consecutive_successes": 0.040162086486816406, "losses/bounds_loss": 0.0, "rewards/step": null, "rewards/iter": null, "rewards/time": null, "shaped_rewards/step": null, "shaped_rewards/iter": null, "shaped_rewards/time": null, "episode_lengths": 12.071005821228027, "episode_lengths/step": 12.071005821228027, "episode_lengths/iter": 12.071005821228027, "episode_lengths/time": 12.071005821228027, "_wandb": {"runtime": 765}}