{"global_step": 16318464, "_timestamp": 1728077191.7272458, "performance/step_inference_rl_update_fps": 334194.0, "performance/step_inference_fps": 782904.875, "performance/step_fps": 974378.125, "performance/rl_update_time": 0.11239266395568848, "performance/step_inference_time": 0.0837087631225586, "performance/step_time": 0.06725931167602539, "losses/a_loss": -0.00218537007458508, "losses/c_loss": 0.1007021889090538, "losses/entropy": 0.20069679617881775, "info/last_lr": 0.0002601229352876544, "info/lr_mul": 1.0, "info/e_clip": 0.20000000298023224, "info/kl": 0.010427236557006836, "info/epochs": 250.0, "_runtime": 58, "_step": 250, "gpt_reward": 2.4916465282440186, "stability_reward": 0.9941107034683228, "speed_penalty": 0.5010514259338379, "position_reward": 0.9964845776557922, "gt_reward": 0.44605541229248047, "consecutive_successes": 428.875, "losses/bounds_loss": 0.013230093754827976, "rewards/step": 1125.625, "rewards/iter": 1129.1524658203125, "rewards/time": 1129.1524658203125, "shaped_rewards/step": 112.91524505615234, "shaped_rewards/iter": 112.91524505615234, "shaped_rewards/time": 112.91524505615234, "episode_lengths": 456.8111267089844, "episode_lengths/step": 456.8111267089844, "episode_lengths/iter": 456.8111267089844, "episode_lengths/time": 456.8111267089844, "_wandb": {"runtime": 60}}