{"global_step": 19464192, "_timestamp": 1728076558.4827986, "performance/step_inference_rl_update_fps": 263735.34375, "performance/step_inference_fps": 797223.5625, "performance/step_fps": 1024757.625, "performance/rl_update_time": 0.16628599166870117, "performance/step_inference_time": 0.08220529556274414, "performance/step_time": 0.06395268440246582, "losses/a_loss": -0.004124801140278578, "losses/c_loss": 0.06604260206222534, "losses/entropy": 0.3106063902378082, "info/last_lr": 0.0005852766335010529, "info/lr_mul": 1.0, "info/e_clip": 0.20000000298023224, "info/kl": 0.009603966027498245, "info/epochs": 298.0, "_runtime": 68, "_step": 298, "gpt_reward": 2.2514448165893555, "stability_reward": 0.9974287748336792, "speed_penalty": 0.3230656385421753, "position_reward": 0.9309505224227905, "gt_reward": 0.4189373850822449, "consecutive_successes": 405.6000061035156, "losses/bounds_loss": 0.05755579099059105, "rewards/step": 931.084716796875, "rewards/iter": 931.084716796875, "rewards/time": 931.084716796875, "shaped_rewards/step": 93.10845184326172, "shaped_rewards/iter": 93.10845184326172, "shaped_rewards/time": 93.10845184326172, "episode_lengths": 410.0433349609375, "episode_lengths/step": 410.0433349609375, "episode_lengths/iter": 410.0433349609375, "episode_lengths/time": 410.0433349609375, "_wandb": {"runtime": 70}}