{"global_step": 32702464, "_timestamp": 1728051123.630713, "performance/step_inference_rl_update_fps": 506518.40625, "performance/step_inference_fps": 591056.5, "performance/step_fps": 755078.1875, "performance/rl_update_time": 0.018505573272705078, "performance/step_inference_time": 0.11087942123413086, "performance/step_time": 0.07142210006713867, "losses/a_loss": 0.0004631062038242817, "losses/c_loss": 0.022662565112113953, "losses/entropy": 0.21475684642791748, "info/last_lr": 0.00039018443203531206, "info/lr_mul": 1.0, "info/e_clip": 0.20000000298023224, "info/kl": 0.011047113686800003, "info/epochs": 499.0, "_runtime": 155, "_step": 500, "gpt_reward": 10.250838279724121, "forward_reward": 10.250838279724121, "proximity_reward": 0.0, "gt_reward": 0.3914243280887604, "consecutive_successes": 0.30832958221435547, "losses/bounds_loss": 6.498016357421875, "rewards/step": 142.54551696777344, "rewards/iter": 142.54551696777344, "rewards/time": 142.54551696777344, "shaped_rewards/step": 1.425455093383789, "shaped_rewards/iter": 1.425455093383789, "shaped_rewards/time": 1.425455093383789, "episode_lengths": 11.696721076965332, "episode_lengths/step": 11.696721076965332, "episode_lengths/iter": 11.696721076965332, "episode_lengths/time": 11.696721076965332, "_wandb": {"runtime": 155}}