{"global_step": 2449408, "_timestamp": 1728058733.40339, "performance/step_inference_rl_update_fps": 152835.609375, "performance/step_inference_fps": 221233.265625, "performance/step_fps": 322517.625, "performance/rl_update_time": 0.016571044921875, "performance/step_inference_time": 0.03702878952026367, "performance/step_time": 0.025400161743164062, "losses/a_loss": 0.03452509641647339, "losses/c_loss": 0.21498289704322815, "losses/entropy": -2.458040237426758, "info/last_lr": 0.00296296295709908, "info/lr_mul": 1.0, "info/e_clip": 0.20000000298023224, "info/kl": 0.05110727995634079, "info/epochs": 300.0, "_runtime": 55, "_step": 300, "gpt_reward": 0.9464199542999268, "angle_penalty": 0.9898824691772461, "position_penalty": 0.976315975189209, "velocity_penalty": 0.978897213935852, "gt_reward": 0.998042106628418, "consecutive_successes": 499.0, "losses/bounds_loss": 0.0, "rewards/step": 457.6603088378906, "rewards/iter": 457.7292175292969, "rewards/time": 457.7292175292969, "shaped_rewards/step": 45.77291488647461, "shaped_rewards/iter": 45.77291488647461, "shaped_rewards/time": 45.77291488647461, "episode_lengths": 499.99639892578125, "episode_lengths/step": 499.99639892578125, "episode_lengths/iter": 499.99639892578125, "episode_lengths/time": 499.99639892578125, "_wandb": {"runtime": 56}}