{"global_step": 196542464, "_timestamp": 1728049798.5628588, "performance/step_inference_rl_update_fps": 265080.03125, "performance/step_inference_fps": 296368.78125, "performance/step_fps": 360527.28125, "performance/rl_update_time": 0.026100873947143555, "performance/step_inference_time": 0.2211298942565918, "performance/step_time": 0.1817781925201416, "losses/a_loss": 0.001464539673179388, "losses/c_loss": 0.02243851311504841, "losses/entropy": -10.371915817260742, "info/last_lr": 0.00017341530474368483, "info/lr_mul": 1.0, "info/e_clip": 0.20000000298023224, "info/kl": 0.0393490307033062, "info/epochs": 3000.0, "_runtime": 1031, "_step": 3000, "gpt_reward": 14.199888229370117, "forward_reward": 15.1998872756958, "proximity_reward": -1.0, "task_success": 0.0, "gt_reward": 0.3541037440299988, "consecutive_successes": 0.4224262237548828, "losses/bounds_loss": 4.8866071701049805, "rewards/step": 133.41517639160156, "rewards/iter": 133.41517639160156, "rewards/time": 133.41517639160156, "shaped_rewards/step": 1.3341517448425293, "shaped_rewards/iter": 1.3341517448425293, "shaped_rewards/time": 1.3341517448425293, "episode_lengths": 11.436813354492188, "episode_lengths/step": 11.436813354492188, "episode_lengths/iter": 11.436813354492188, "episode_lengths/time": 11.436813354492188, "_wandb": {"runtime": 1033}}