{"global_step": 32636928, "_timestamp": 1728051107.4471588, "performance/step_inference_rl_update_fps": 224432.078125, "performance/step_inference_fps": 245524.6875, "performance/step_fps": 284020.21875, "performance/rl_update_time": 0.025085926055908203, "performance/step_inference_time": 0.2669222354888916, "performance/step_time": 0.2307441234588623, "losses/a_loss": -0.0014278774615377188, "losses/c_loss": 0.016467709094285965, "losses/entropy": 2.158965587615967, "info/last_lr": 0.0005852766335010529, "info/lr_mul": 1.0, "info/e_clip": 0.20000000298023224, "info/kl": 0.0087654497474432, "info/epochs": 499.0, "_runtime": 160, "_step": 499, "gpt_reward": 11.446233749389648, "forward_reward": 11.446233749389648, "proximity_reward": 0.0, "gt_reward": -0.4587792754173279, "consecutive_successes": 0.21968460083007812, "losses/bounds_loss": 10.488327026367188, "rewards/step": 113.52796936035156, "rewards/iter": 113.52796936035156, "rewards/time": 113.52796936035156, "shaped_rewards/step": 1.1352797746658325, "shaped_rewards/iter": 1.1352797746658325, "shaped_rewards/time": 1.1352797746658325, "episode_lengths": 11.093406677246094, "episode_lengths/step": 11.093406677246094, "episode_lengths/iter": 11.093406677246094, "episode_lengths/time": 11.093406677246094, "_wandb": {"runtime": 160}}