{"global_step": 16318464, "_timestamp": 1728077116.6849108, "performance/step_inference_rl_update_fps": 302451.15625, "performance/step_inference_fps": 675025.75, "performance/step_fps": 896603.1875, "performance/rl_update_time": 0.11959624290466309, "performance/step_inference_time": 0.09708666801452637, "performance/step_time": 0.07309365272521973, "losses/a_loss": -0.004735933616757393, "losses/c_loss": 0.11430079489946365, "losses/entropy": 2.1432807445526123, "info/last_lr": 0.0019753086380660534, "info/lr_mul": 1.0, "info/e_clip": 0.20000000298023224, "info/kl": 0.009280896745622158, "info/epochs": 250.0, "_runtime": 57, "_step": 250, "gpt_reward": 2.5892090797424316, "stability_reward": 0.9959475994110107, "speed_penalty": 0.5960415601730347, "position_reward": 0.997219979763031, "gt_reward": 0.5584583282470703, "consecutive_successes": 407.0833435058594, "losses/bounds_loss": 0.23673714697360992, "rewards/step": 1143.221435546875, "rewards/iter": 1196.4425048828125, "rewards/time": 1196.4425048828125, "shaped_rewards/step": 119.64424896240234, "shaped_rewards/iter": 119.64424896240234, "shaped_rewards/time": 119.64424896240234, "episode_lengths": 458.921630859375, "episode_lengths/step": 458.921630859375, "episode_lengths/iter": 458.921630859375, "episode_lengths/time": 458.921630859375, "_wandb": {"runtime": 59}}