{"global_step": 19464192, "_timestamp": 1728076294.191475, "performance/step_inference_rl_update_fps": 320090.34375, "performance/step_inference_fps": 801963.8125, "performance/step_fps": 985536.3125, "performance/rl_update_time": 0.12302255630493164, "performance/step_inference_time": 0.08171939849853516, "performance/step_time": 0.066497802734375, "losses/a_loss": -0.004887075163424015, "losses/c_loss": 0.13381627202033997, "losses/entropy": 3.1235780715942383, "info/last_lr": 0.0002601229352876544, "info/lr_mul": 1.0, "info/e_clip": 0.20000000298023224, "info/kl": 0.010623032227158546, "info/epochs": 298.0, "_runtime": 72, "_step": 298, "gpt_reward": 2.4796595573425293, "stability_reward": 0.9967999458312988, "speed_penalty": 0.4955059885978699, "position_reward": 0.9873535633087158, "gt_reward": 0.4388605058193207, "consecutive_successes": 433.3999938964844, "losses/bounds_loss": 0.412261962890625, "rewards/step": 1068.035888671875, "rewards/iter": 1068.035888671875, "rewards/time": 1068.035888671875, "shaped_rewards/step": 106.8035888671875, "shaped_rewards/iter": 106.8035888671875, "shaped_rewards/time": 106.8035888671875, "episode_lengths": 428.87896728515625, "episode_lengths/step": 428.87896728515625, "episode_lengths/iter": 428.87896728515625, "episode_lengths/time": 428.87896728515625, "_wandb": {"runtime": 73}}