{"global_step": 2441216, "_timestamp": 1728059134.8382812, "performance/step_inference_rl_update_fps": 127180.5703125, "performance/step_inference_fps": 210807.578125, "performance/step_fps": 317910.25, "performance/rl_update_time": 0.025552034378051758, "performance/step_inference_time": 0.03886008262634277, "performance/step_time": 0.025768280029296875, "losses/a_loss": 0.04671376198530197, "losses/c_loss": 0.33519184589385986, "losses/entropy": -2.921940565109253, "info/last_lr": 0.001316872425377369, "info/lr_mul": 1.0, "info/e_clip": 0.20000000298023224, "info/kl": 0.13262276351451874, "info/epochs": 298.0, "_runtime": 56, "_step": 299, "gpt_reward": 0.6430152654647827, "upright_reward": 0.986831784248352, "velocity_penalty": 0.7018055319786072, "angular_velocity_penalty": 0.8605141639709473, "gt_reward": 0.7807695865631104, "consecutive_successes": 110.0, "losses/bounds_loss": 0.0, "rewards/step": 84.0469970703125, "rewards/iter": 84.0469970703125, "rewards/time": 84.0469970703125, "shaped_rewards/step": 8.404704093933105, "shaped_rewards/iter": 8.404704093933105, "shaped_rewards/time": 8.404704093933105, "episode_lengths": 115.25997161865234, "episode_lengths/step": 115.25997161865234, "episode_lengths/iter": 115.25997161865234, "episode_lengths/time": 115.25997161865234, "_wandb": {"runtime": 59}}