{"global_step": 16318464, "_timestamp": 1728076891.5500832, "performance/step_inference_rl_update_fps": 266941.71875, "performance/step_inference_fps": 593297.9375, "performance/step_fps": 809729.0625, "performance/rl_update_time": 0.13504600524902344, "performance/step_inference_time": 0.11046051979064941, "performance/step_time": 0.08093571662902832, "losses/a_loss": -0.0018175727454945445, "losses/c_loss": 0.18172940611839294, "losses/entropy": 0.8264831304550171, "info/last_lr": 0.001316872425377369, "info/lr_mul": 1.0, "info/e_clip": 0.20000000298023224, "info/kl": 0.011363895609974861, "info/epochs": 250.0, "_runtime": 57, "_step": 250, "gpt_reward": 2.5866599082946777, "stability_reward": 0.996893048286438, "speed_penalty": 0.5945009589195251, "position_reward": 0.995265781879425, "gt_reward": 0.5357747673988342, "consecutive_successes": 455.70001220703125, "losses/bounds_loss": 0.004431087989360094, "rewards/step": 1238.517333984375, "rewards/iter": 1246.7198486328125, "rewards/time": 1246.7198486328125, "shaped_rewards/step": 124.67198181152344, "shaped_rewards/iter": 124.67198181152344, "shaped_rewards/time": 124.67198181152344, "episode_lengths": 473.2025146484375, "episode_lengths/step": 473.2025146484375, "episode_lengths/iter": 473.2025146484375, "episode_lengths/time": 473.2025146484375, "_wandb": {"runtime": 58}}