{"global_step": 802816, "_timestamp": 1728059580.5118322, "performance/step_inference_rl_update_fps": 140263.296875, "performance/step_inference_fps": 198000.03125, "performance/step_fps": 270877.59375, "performance/rl_update_time": 0.01703047752380371, "performance/step_inference_time": 0.04137372970581055, "performance/step_time": 0.030242443084716797, "losses/a_loss": -0.008644224144518375, "losses/c_loss": 0.000273950572591275, "losses/entropy": -1.4482691287994385, "info/last_lr": 0.009999999776482582, "info/lr_mul": 1.0, "info/e_clip": 0.20000000298023224, "info/kl": 0.009026014246046543, "info/epochs": 99.0, "_runtime": 9, "_step": 99, "gpt_reward": 0.958005428314209, "upright_reward": 0.9960160255432129, "velocity_penalty": 0.9618188738822937, "gt_reward": 0.9923540353775024, "consecutive_successes": 0.0, "losses/bounds_loss": 0.0, "rewards/step": 480.2337646484375, "rewards/iter": 480.2337646484375, "rewards/time": 480.2337646484375, "shaped_rewards/step": 48.023372650146484, "shaped_rewards/iter": 48.023372650146484, "shaped_rewards/time": 48.023372650146484, "episode_lengths": 499.98858642578125, "episode_lengths/step": 499.98858642578125, "episode_lengths/iter": 499.98858642578125, "episode_lengths/time": 499.98858642578125, "_wandb": {"runtime": 11}}