{"global_step": 196542464, "_timestamp": 1728047632.304023, "performance/step_inference_rl_update_fps": 373059.78125, "performance/step_inference_fps": 586254.875, "performance/step_fps": 756079.25, "performance/rl_update_time": 0.02745366096496582, "performance/step_inference_time": 0.11178755760192871, "performance/step_time": 0.08667874336242676, "losses/a_loss": -0.00041164783760905266, "losses/c_loss": 0.010697467252612114, "losses/entropy": -6.920443534851074, "info/last_lr": 0.00011561020073713735, "info/lr_mul": 1.0, "info/e_clip": 0.20000000298023224, "info/kl": 0.013150051236152649, "info/epochs": 2999.0, "_runtime": 773, "_step": 3000, "gpt_reward": 11.379779815673828, "forward_reward": 11.379779815673828, "proximity_reward": 0.0, "gt_reward": 0.28540849685668945, "consecutive_successes": 0.3877706527709961, "losses/bounds_loss": 5.744378089904785, "rewards/step": 132.72621154785156, "rewards/iter": 132.72621154785156, "rewards/time": 132.72621154785156, "shaped_rewards/step": 1.327262043952942, "shaped_rewards/iter": 1.327262043952942, "shaped_rewards/time": 1.327262043952942, "episode_lengths": 11.821022987365723, "episode_lengths/step": 11.821022987365723, "episode_lengths/iter": 11.821022987365723, "episode_lengths/time": 11.821022987365723, "_wandb": {"runtime": 774}}